eta,normalization,m0,m1,partner,nk,n_shell,n_keep,dimension,delta0_meV,mu_meV,interband_pairing_weight_mean,anisotropy_ratio,anisotropy_norm,max_closure_error,max_bdg_hermiticity_error,max_ph_spectrum_error,Dxx_total_raw,Dxx_conv_raw,Dxx_geom_raw,Dxx_cross_raw,Dyy_total_raw,Dyy_conv_raw,Dyy_geom_raw,Dyy_cross_raw
0.0,fixed_frobenius_norm,tau0_sigma0,taux_sigmax,tr_sewn,7,3,6,196,1.0,0.0,-6.0420300659872555e-18,1.0184396468006194,0.009135594829326509,0.0,0.0,1.1646352748916515e-15,85042.81578328375,26774.009768871965,58268.80601441178,1.9674783344475592e-12,83503.04905199025,22419.51642956572,61083.53262242454,-1.9303561017221335e-12
0.5,fixed_frobenius_norm,tau0_sigma0,taux_sigmax,tr_sewn,7,3,6,196,1.0,0.0,0.030413556047206164,1.0079964438031896,0.0039822997833821846,0.0,0.0,1.3631985275231243e-15,87217.33029779911,26853.76298595038,60577.91368175509,-214.34636990634914,86525.43452308867,23001.32973314486,63303.636130783554,220.46865916025854
1.0,fixed_frobenius_norm,tau0_sigma0,taux_sigmax,tr_sewn,7,3,6,196,1.0,0.0,0.1082416470827977,0.9774374087336946,-0.011410015389945497,0.0,0.0,1.286405566988752e-15,90117.66783892804,25965.03368180227,64640.42850332712,-487.7943462013401,92197.89117308159,23954.420502643832,67784.95817205521,458.51249838255507
